{
    "5": {
        "var": 2.2399999999999998, 
        "num_utilized": 413869, 
        "col_count": 1935, 
        "idling": 0.168392, 
        "utilization": 0.827738
    }, 
    "6": {
        "var": 0.5555555555555555, 
        "num_utilized": 426253, 
        "col_count": 2640, 
        "idling": 0.142214, 
        "utilization": 0.852506
    }, 
    "7": {
        "var": 1.3877551020408163, 
        "num_utilized": 436404, 
        "col_count": 3260, 
        "idling": 0.120672, 
        "utilization": 0.872808
    }, 
    "8": {
        "var": 2.25, 
        "num_utilized": 440754, 
        "col_count": 3940, 
        "idling": 0.110612, 
        "utilization": 0.881508
    }, 
    "9": {
        "var": 1.7777777777777777, 
        "num_utilized": 446121, 
        "col_count": 4572, 
        "idling": 0.098614, 
        "utilization": 0.892242
    }, 
    "10": {
        "var": 1.64, 
        "num_utilized": 450064, 
        "col_count": 5193, 
        "idling": 0.089486, 
        "utilization": 0.900128
    }, 
    "11": {
        "var": 1.471074380165289, 
        "num_utilized": 452515, 
        "col_count": 5849, 
        "idling": 0.083272, 
        "utilization": 0.90503
    }, 
    "12": {
        "var": 1.6388888888888886, 
        "num_utilized": 455826, 
        "col_count": 6731, 
        "idling": 0.074886, 
        "utilization": 0.911652
    }, 
    "13": {
        "var": 0.5207100591715975, 
        "num_utilized": 458131, 
        "col_count": 7427, 
        "idling": 0.068884, 
        "utilization": 0.916262
    }, 
    "14": {
        "var": 1.2653061224489794, 
        "num_utilized": 458744, 
        "col_count": 8520, 
        "idling": 0.065472, 
        "utilization": 0.917488
    }, 
    "15": {
        "var": 0.9066666666666667, 
        "num_utilized": 460464, 
        "col_count": 9055, 
        "idling": 0.060962, 
        "utilization": 0.920928
    }, 
    "16": {
        "var": 0.83984375, 
        "num_utilized": 461198, 
        "col_count": 9959, 
        "idling": 0.057686, 
        "utilization": 0.922396
    }, 
    "17": {
        "var": 1.750865051903114, 
        "num_utilized": 462180, 
        "col_count": 10571, 
        "idling": 0.054498, 
        "utilization": 0.92436
    }, 
    "18": {
        "var": 1.5432098765432096, 
        "num_utilized": 462821, 
        "col_count": 11600, 
        "idling": 0.051158, 
        "utilization": 0.925642
    }, 
    "19": {
        "var": 1.085872576177285, 
        "num_utilized": 462966, 
        "col_count": 12561, 
        "idling": 0.048946, 
        "utilization": 0.925932
    }, 
    "20": {
        "var": 1.45, 
        "num_utilized": 463842, 
        "col_count": 13446, 
        "idling": 0.045424, 
        "utilization": 0.927684
    }, 
    "21": {
        "var": 1.4285714285714286, 
        "num_utilized": 463108, 
        "col_count": 14611, 
        "idling": 0.044562, 
        "utilization": 0.926216
    }, 
    "22": {
        "var": 0.5805785123966944, 
        "num_utilized": 463418, 
        "col_count": 15536, 
        "idling": 0.042092, 
        "utilization": 0.926836
    }, 
    "23": {
        "var": 1.6446124763705108, 
        "num_utilized": 463397, 
        "col_count": 16547, 
        "idling": 0.040112, 
        "utilization": 0.926794
    }, 
    "24": {
        "var": 1.222222222222222, 
        "num_utilized": 463224, 
        "col_count": 17646, 
        "idling": 0.03826, 
        "utilization": 0.926448
    }, 
    "25": {
        "var": 1.3376, 
        "num_utilized": 462947, 
        "col_count": 18456, 
        "idling": 0.037194, 
        "utilization": 0.925894
    }, 
    "26": {
        "var": 1.0902366863905324, 
        "num_utilized": 462411, 
        "col_count": 19828, 
        "idling": 0.035522, 
        "utilization": 0.924822
    }, 
    "27": {
        "var": 1.698216735253773, 
        "num_utilized": 461911, 
        "col_count": 21052, 
        "idling": 0.034074, 
        "utilization": 0.923822
    }, 
    "28": {
        "var": 1.3826530612244896, 
        "num_utilized": 461200, 
        "col_count": 22408, 
        "idling": 0.032784, 
        "utilization": 0.9224
    }, 
    "29": {
        "var": 1.512485136741974, 
        "num_utilized": 460365, 
        "col_count": 23474, 
        "idling": 0.032322, 
        "utilization": 0.92073
    }, 
    "30": {
        "var": 1.1333333333333333, 
        "num_utilized": 459506, 
        "col_count": 25077, 
        "idling": 0.030834, 
        "utilization": 0.919012
    }, 
    "31": {
        "var": 1.5296566077003118, 
        "num_utilized": 459683, 
        "col_count": 25649, 
        "idling": 0.029336, 
        "utilization": 0.919366
    }, 
    "32": {
        "var": 1.7958984375, 
        "num_utilized": 458619, 
        "col_count": 27280, 
        "idling": 0.028202, 
        "utilization": 0.917238
    }, 
    "33": {
        "var": 1.421487603305785, 
        "num_utilized": 457733, 
        "col_count": 28640, 
        "idling": 0.027254, 
        "utilization": 0.915466
    }, 
    "34": {
        "var": 1.221453287197232, 
        "num_utilized": 456438, 
        "col_count": 30192, 
        "idling": 0.02674, 
        "utilization": 0.912876
    }, 
    "35": {
        "var": 0.6906122448979595, 
        "num_utilized": 455167, 
        "col_count": 31788, 
        "idling": 0.02609, 
        "utilization": 0.910334
    }, 
    "36": {
        "var": 0.7932098765432095, 
        "num_utilized": 454020, 
        "col_count": 33411, 
        "idling": 0.025138, 
        "utilization": 0.90804
    }, 
    "37": {
        "var": 0.7786705624543465, 
        "num_utilized": 452831, 
        "col_count": 34948, 
        "idling": 0.024442, 
        "utilization": 0.905662
    }, 
    "38": {
        "var": 1.8310249307479232, 
        "num_utilized": 451895, 
        "col_count": 36164, 
        "idling": 0.023882, 
        "utilization": 0.90379
    }, 
    "39": {
        "var": 0.9598948060486523, 
        "num_utilized": 450270, 
        "col_count": 38131, 
        "idling": 0.023198, 
        "utilization": 0.90054
    }, 
    "40": {
        "var": 1.29, 
        "num_utilized": 449139, 
        "col_count": 39639, 
        "idling": 0.022444, 
        "utilization": 0.898278
    }, 
    "41": {
        "var": 1.4122546103509819, 
        "num_utilized": 447610, 
        "col_count": 41522, 
        "idling": 0.021736, 
        "utilization": 0.89522
    }, 
    "42": {
        "var": 1.426303854875283, 
        "num_utilized": 445881, 
        "col_count": 43375, 
        "idling": 0.021488, 
        "utilization": 0.891762
    }, 
    "43": {
        "var": 1.300162249864791, 
        "num_utilized": 444609, 
        "col_count": 45049, 
        "idling": 0.020684, 
        "utilization": 0.889218
    }, 
    "44": {
        "var": 1.1632231404958675, 
        "num_utilized": 442850, 
        "col_count": 47084, 
        "idling": 0.020132, 
        "utilization": 0.8857
    }, 
    "45": {
        "var": 1.3906172839506175, 
        "num_utilized": 441954, 
        "col_count": 48489, 
        "idling": 0.019114, 
        "utilization": 0.883908
    }, 
    "46": {
        "var": 1.8908317580340261, 
        "num_utilized": 440351, 
        "col_count": 50310, 
        "idling": 0.018678, 
        "utilization": 0.880702
    }, 
    "47": {
        "var": 1.2548664554096882, 
        "num_utilized": 437886, 
        "col_count": 52669, 
        "idling": 0.01889, 
        "utilization": 0.875772
    }, 
    "48": {
        "var": 0.9982638888888893, 
        "num_utilized": 436682, 
        "col_count": 54142, 
        "idling": 0.018352, 
        "utilization": 0.873364
    }, 
    "49": {
        "var": 0.8088296543107035, 
        "num_utilized": 434950, 
        "col_count": 56404, 
        "idling": 0.017292, 
        "utilization": 0.8699
    }, 
    "50": {
        "var": 1.1936000000000002,