{
    "5": {
        "var": 0.15999999999999998, 
        "num_utilized": 394605, 
        "col_count": 1913, 
        "utilization": 0.78921
    }, 
    "6": {
        "var": 1.888888888888889, 
        "num_utilized": 408044, 
        "col_count": 2693, 
        "utilization": 0.816088
    }, 
    "7": {
        "var": 0.489795918367347, 
        "num_utilized": 414331, 
        "col_count": 3160, 
        "utilization": 0.828662
    }, 
    "8": {
        "var": 2.1875, 
        "num_utilized": 421280, 
        "col_count": 3854, 
        "utilization": 0.84256
    }, 
    "9": {
        "var": 0.9876543209876542, 
        "num_utilized": 427379, 
        "col_count": 4655, 
        "utilization": 0.854758
    }, 
    "10": {
        "var": 1.24, 
        "num_utilized": 430467, 
        "col_count": 5043, 
        "utilization": 0.860934
    }, 
    "11": {
        "var": 0.9917355371900826, 
        "num_utilized": 433941, 
        "col_count": 5846, 
        "utilization": 0.867882
    }, 
    "12": {
        "var": 1.8055555555555554, 
        "num_utilized": 436068, 
        "col_count": 6601, 
        "utilization": 0.872136
    }, 
    "13": {
        "var": 0.5562130177514792, 
        "num_utilized": 437706, 
        "col_count": 7226, 
        "utilization": 0.875412
    }, 
    "14": {
        "var": 0.9591836734693878, 
        "num_utilized": 440360, 
        "col_count": 8136, 
        "utilization": 0.88072
    }, 
    "15": {
        "var": 1.2622222222222226, 
        "num_utilized": 441634, 
        "col_count": 8962, 
        "utilization": 0.883268
    }, 
    "16": {
        "var": 1.734375, 
        "num_utilized": 442754, 
        "col_count": 9497, 
        "utilization": 0.885508
    }, 
    "17": {
        "var": 1.4671280276816612, 
        "num_utilized": 444345, 
        "col_count": 10486, 
        "utilization": 0.88869
    }, 
    "18": {
        "var": 1.1728395061728394, 
        "num_utilized": 445660, 
        "col_count": 11177, 
        "utilization": 0.89132
    }, 
    "19": {
        "var": 1.0858725761772847, 
        "num_utilized": 446460, 
        "col_count": 11602, 
        "utilization": 0.89292
    }, 
    "20": {
        "var": 1.0, 
        "num_utilized": 447684, 
        "col_count": 12471, 
        "utilization": 0.895368
    }, 
    "21": {
        "var": 1.7732426303854876, 
        "num_utilized": 448094, 
        "col_count": 13592, 
        "utilization": 0.896188
    }, 
    "22": {
        "var": 0.9586776859504134, 
        "num_utilized": 448421, 
        "col_count": 15025, 
        "utilization": 0.896842
    }, 
    "23": {
        "var": 1.9773156899810964, 
        "num_utilized": 449401, 
        "col_count": 15423, 
        "utilization": 0.898802
    }, 
    "24": {
        "var": 1.0555555555555554, 
        "num_utilized": 450104, 
        "col_count": 15749, 
        "utilization": 0.900208
    }, 
    "25": {
        "var": 1.8784000000000005, 
        "num_utilized": 450863, 
        "col_count": 16838, 
        "utilization": 0.901726
    }, 
    "26": {
        "var": 1.2840236686390532, 
        "num_utilized": 450882, 
        "col_count": 17633, 
        "utilization": 0.901764
    }, 
    "27": {
        "var": 1.1550068587105624, 
        "num_utilized": 450769, 
        "col_count": 19034, 
        "utilization": 0.901538
    }, 
    "28": {
        "var": 1.1428571428571428, 
        "num_utilized": 451490, 
        "col_count": 19713, 
        "utilization": 0.90298
    }, 
    "29": {
        "var": 1.3174791914387631, 
        "num_utilized": 451760, 
        "col_count": 20538, 
        "utilization": 0.90352
    }, 
    "30": {
        "var": 1.248888888888889, 
        "num_utilized": 452015, 
        "col_count": 21338, 
        "utilization": 0.90403
    }, 
    "31": {
        "var": 1.4422476586888648, 
        "num_utilized": 452576, 
        "col_count": 22311, 
        "utilization": 0.905152
    }, 
    "32": {
        "var": 0.74609375, 
        "num_utilized": 452427, 
        "col_count": 23062, 
        "utilization": 0.904854
    }, 
    "33": {
        "var": 0.9770431588613409, 
        "num_utilized": 452700, 
        "col_count": 24202, 
        "utilization": 0.9054
    }, 
    "34": {
        "var": 1.2629757785467122, 
        "num_utilized": 452757, 
        "col_count": 25470, 
        "utilization": 0.905514
    }, 
    "35": {
        "var": 1.36, 
        "num_utilized": 452962, 
        "col_count": 26117, 
        "utilization": 0.905924
    }, 
    "36": {
        "var": 0.635802469135803, 
        "num_utilized": 452907, 
        "col_count": 27266, 
        "utilization": 0.905814
    }, 
    "37": {
        "var": 0.6822498173849525, 
        "num_utilized": 453589, 
        "col_count": 27812, 
        "utilization": 0.907178
    }, 
    "38": {
        "var": 1.0609418282548473, 
        "num_utilized": 453327, 
        "col_count": 29002, 
        "utilization": 0.906654
    }, 
    "39": {
        "var": 1.1019066403681794, 
        "num_utilized": 453171, 
        "col_count": 30233, 
        "utilization": 0.906342
    }, 
    "40": {
        "var": 1.0275000000000003, 
        "num_utilized": 453717, 
        "col_count": 30897, 
        "utilization": 0.907434
    }, 
    "41": {
        "var": 0.5413444378346224, 
        "num_utilized": 453813, 
        "col_count": 31712, 
        "utilization": 0.907626
    }, 
    "42": {
        "var": 1.0453514739229026, 
        "num_utilized": 453738, 
        "col_count": 32843, 
        "utilization": 0.907476
    }, 
    "43": {
        "var": 1.320713899405084, 
        "num_utilized": 453760, 
        "col_count": 33768, 
        "utilization": 0.90752
    }, 
    "44": {
        "var": 1.0433884297520661, 
        "num_utilized": 454040, 
        "col_count": 34778, 
        "utilization": 0.90808
    }, 
    "45": {
        "var": 1.343209876543211, 
        "num_utilized": 454142, 
        "col_count": 35506, 
        "utilization": 0.908284
    }, 
    "46": {
        "var": 0.965973534971644, 
        "num_utilized": 454187, 
        "col_count": 36572, 
        "utilization": 0.908374
    }, 
    "47": {
        "var": 0.9832503395201446, 
        "num_utilized": 454169, 
        "col_count": 37413, 
        "utilization": 0.908338
    }, 
    "48": {
        "var": 1.7916666666666667, 
        "num_utilized": 454284, 
        "col_count": 38613, 
        "utilization": 0.908568
    }, 
    "49": {
        "var": 0.857142857142857, 
        "num_utilized": 454120, 
        "col_count": 39639, 
        "utilization": 0.90824
    }, 
    "50": {
        "var": 1.3855999999999995, 
        "num_utilized": 454361, 
        "col_count": 40491, 
        "utilization": 0.908722
    }, 
    "51": {
        "var": 0.6205305651672437, 
        "num_utilized": 454157, 
        "col_count": 41766, 
        "utilization": 0.908314
    }, 
    "52": {
        "var": 1.5369822485207096, 
        "num_utilized": 454078, 
        "col_count": 42913, 
        "utilization": 0.908156
    }, 
    "53": {
        "var": 1.3171947312210752, 
        "num_utilized": 454290, 
        "col_count": 43625, 
        "utilization": 0.90858
    }, 
    "54": {
        "var": 1.385459533607681, 
        "num_utilized": 454276, 
        "col_count": 44731, 
        "utilization": 0.908552
    }, 
    "55": {
        "var": 1.399669421487602, 
        "num_utilized": 454360, 
        "col_count": 45656, 
        "utilization": 0.90872
    }, 
    "56": {
        "var": 0.9681122448979593, 
        "num_utilized": 454571, 
        "col_count": 46380, 
        "utilization": 0.909142
    }, 
    "57": {
        "var": 1.1215758694983073, 
        "num_utilized": 454004, 
        "col_count": 48238, 
        "utilization": 0.908008
    }, 
    "58": {
        "var": 1.4982164090368617, 
        "num_utilized": 454638, 
        "col_count": 48547, 
        "utilization": 0.909276
    },